sim,parameter,estimate
1,g0,0.7997187801089413
1,D,3.9537842373132586
1,sigma,50.202887075688686
2,g0,0.6953903141361568
2,D,3.1149471342803055
2,sigma,62.630414457825786
3,g0,0.6375574875479953
3,D,3.298383020815326
3,sigma,62.72983228675546
4,g0,0.9999999988529541
4,D,3.413764567526749
4,sigma,48.522797964281395
5,g0,0.993291236146235
5,D,2.1756320604102966
5,sigma,58.11205127255478
6,g0,0.9999999944500934
6,D,2.855981435534864
6,sigma,58.66200458989018
7,g0,0.9999999984395744
7,D,2.890531431725402
7,sigma,52.789107270034904
8,g0,0.9999999992827874
8,D,3.4243835712846646
8,sigma,49.523105536385735
9,g0,0.7185043920932386
9,D,3.50042407104026
9,sigma,60.25452742943291
10,g0,0.4844621273811196
10,D,3.757142059130726
10,sigma,68.09418031115342
11,g0,0.9779090995972927
11,D,3.708765541997764
11,sigma,49.1932589868866
12,g0,0.9499718883911097
12,D,2.814870350546288
12,sigma,60.82134647137573
13,g0,0.5119266250486593
13,D,3.6733433560957884
13,sigma,59.80151451302229
14,g0,0.7507626473105626
14,D,2.2431818461325554
14,sigma,68.27330886103978
15,g0,0.9999999990596946
15,D,1.7546724680437698
15,sigma,62.69290536701907
16,g0,0.45462955481388656
16,D,3.119664869939216
16,sigma,78.96782480812769
17,g0,0.8439591195656816
17,D,2.555075379980068
17,sigma,55.59766894005113
18,g0,0.5852880776208632
18,D,2.9207932713863047
18,sigma,60.72228699650901
19,g0,0.7383786956942466
19,D,1.6733523071074754
19,sigma,71.8868161993493
20,g0,0.4877063384992499
20,D,2.2373529030576287
20,sigma,71.03398411737595
21,g0,0.9999999989785698
21,D,2.6679123175268935
21,sigma,59.188548274644695
22,g0,0.9254428930545723
22,D,2.9840474897719984
22,sigma,51.00062174420931
23,g0,0.9999999969051331
23,D,2.414749038884602
23,sigma,53.214680494985274
24,g0,0.5634788927570747
24,D,3.272685482740044
24,sigma,69.48146833390862
25,g0,0.9999999984785372
25,D,2.1894643288836173
25,sigma,54.12580820169179
26,g0,0.9999999984042258
26,D,2.588504640449669
26,sigma,54.783970672277995
27,g0,0.9999999992563446
27,D,2.6713417493024543
27,sigma,57.704855164291764
28,g0,0.8592513951714739
28,D,2.2125992566920267
28,sigma,66.62694405426184
29,g0,0.8044402166028791
29,D,2.8340977963081695
29,sigma,54.204879112017785
30,g0,0.3870115955020199
30,D,3.88110526524125
30,sigma,75.37451623169395
31,g0,0.37682367178541437
31,D,3.9829238937867024
31,sigma,70.02444698461271
32,g0,0.9999999930296041
32,D,3.8793792146166863
32,sigma,40.17297189482227
33,g0,0.6683974896305274
33,D,3.316558734084454
33,sigma,61.079064889215005
34,g0,0.5580553559243759
34,D,1.9537986221990498
34,sigma,77.19484524886245
35,g0,0.443699987651301
35,D,2.7431926897134096
35,sigma,81.95013060130199
36,g0,0.7447124348251387
36,D,2.8610266726178364
36,sigma,64.45636978900964
37,g0,0.3992708815948827
37,D,2.9120765146416945
37,sigma,82.69421319966226
38,g0,0.4969751511718946
38,D,3.7212953245965688
38,sigma,71.30450785023791
39,g0,0.9146317324727964
39,D,1.7906558634426
39,sigma,53.502625020756234
40,g0,0.6832163983726063
40,D,4.782614620111377
40,sigma,54.23997547692109
41,g0,0.9081593447835014
41,D,2.5628501177325544
41,sigma,53.406333613539196
42,g0,0.9164519681842034
42,D,2.2708427871415457
42,sigma,51.562476826715454
43,g0,0.6908900210311318
43,D,3.108459951911992
43,sigma,57.5994507214545
44,g0,0.528451281696269
44,D,3.618174286821784
44,sigma,63.261101467506435
45,g0,0.6292417903511315
45,D,3.0587049071744
45,sigma,65.13960943580346
46,g0,0.6354880652520689
46,D,2.1513802502275396
46,sigma,77.39541806888765
47,g0,0.797583084512469
47,D,2.9106523607553942
47,sigma,62.96907380045084
48,g0,0.9659553205747861
48,D,3.583475000799567
48,sigma,53.03467930026424
49,g0,0.6702766400515316
49,D,3.2903954791859715
49,sigma,58.791357699571456
50,g0,0.9999999988494752
50,D,2.5389089509477745
50,sigma,54.140837937443365
51,g0,0.8210910961801053
51,D,2.5291746369142865
51,sigma,70.48113390017011
52,g0,0.9999999995582696
52,D,4.204641007979909
52,sigma,48.63483843054419
53,g0,0.9999999989691174
53,D,3.448014760805383
53,sigma,47.03842189372183
54,g0,0.3601510863042923
54,D,2.500189395751919
54,sigma,87.78308283581887
55,g0,0.9999999946699282
55,D,2.970479607933166
55,sigma,47.7702442637248
56,g0,0.5815382577773934
56,D,4.26371089601561
56,sigma,55.21051351879519
57,g0,0.6061839479660681
57,D,3.5040347467802957
57,sigma,57.937259560112004
58,g0,0.9999999985301766
58,D,3.439238717590817
58,sigma,54.940461202108054
59,g0,0.47886925286956283
59,D,2.9329153855646997
59,sigma,61.88551365248628
60,g0,0.5384313940192463
60,D,4.177262807414258
60,sigma,58.18455567950446
61,g0,0.38140814585134397
61,D,3.8282694851537995
61,sigma,73.9571769548003
62,g0,0.9999999980470152
62,D,3.027577068134779
62,sigma,50.861953584290845
63,g0,0.96895430263227
63,D,2.9639792097573596
63,sigma,47.40512285371875
64,g0,0.9685911209663834
64,D,4.530358925349285
64,sigma,50.99137190237416
65,g0,0.6213405683256327
65,D,3.4303301408839935
65,sigma,64.2960829849315
66,g0,0.9999999980043754
66,D,3.5506220885175988
66,sigma,40.73228433875814
67,g0,0.8736095028437819
67,D,2.7123106754885677
67,sigma,67.8182699661022
68,g0,0.7451846476614992
68,D,2.579971391672533
68,sigma,72.38726068480582
69,g0,0.9999999950872396
69,D,3.371094246399271
69,sigma,54.70428457828128
70,g0,0.5320998638206583
70,D,3.7756957395811783
70,sigma,67.26829449192286
71,g0,0.9999999981091813
71,D,2.287453890119597
71,sigma,58.93779620808322
72,g0,0.7949821898132643
72,D,3.586033134659921
72,sigma,57.42176173090144
73,g0,0.9921089793039234
73,D,3.7689986669523554
73,sigma,50.22708376738949
74,g0,0.9999999988332993
74,D,3.024848898711928
74,sigma,54.711509329040005
75,g0,0.9999999850772375
75,D,2.909768967851045
75,sigma,45.93100954648896
76,g0,0.9999999865577727
76,D,3.65763302884585
76,sigma,48.07456145563077
77,g0,0.67266346256113
77,D,3.907050621190305
77,sigma,56.524326841587566
78,g0,0.9999999990015351
78,D,2.894203553996785
78,sigma,54.06349836632097
79,g0,0.39005629255905644
79,D,3.146271637377043
79,sigma,68.7712298569328
80,g0,0.9999999979215893
80,D,3.0394543930314026
80,sigma,44.43701489960062
81,g0,0.5862005989334352
81,D,3.289861591964104
81,sigma,66.70297859797068
82,g0,0.999999998235606
82,D,2.5918276973307397
82,sigma,54.726932346257165
83,g0,0.9777765366308091
83,D,2.663977307020345
83,sigma,52.7052811424299
84,g0,0.6031293552757503
84,D,2.630469727175308
84,sigma,62.605826114359886
85,g0,0.948112666644555
85,D,2.8576793347523024
85,sigma,61.47632359451883
86,g0,0.999999999150805
86,D,2.4144640514915916
86,sigma,56.398070470641755
87,g0,0.798901990337968
87,D,2.8807282756849744
87,sigma,59.31780313414667
88,g0,0.9999999985475169
88,D,3.676516537509377
88,sigma,47.88149355941129
89,g0,0.9999999847743788
89,D,3.111481462094526
89,sigma,53.473743862551615
90,g0,0.7309269684898287
90,D,1.98471026375833
90,sigma,63.84750367507675
91,g0,0.9999999990839142
91,D,3.203848787752193
91,sigma,54.62622451327266
92,g0,0.9999999983270574
92,D,1.790083370869692
92,sigma,63.76021595859952
93,g0,0.698427675581054
93,D,3.073352729114895
93,sigma,60.4420425168048
94,g0,0.7984323223952717
94,D,4.052363946723482
94,sigma,59.320385055177475
95,g0,0.875585000983748
95,D,3.491956893137823
95,sigma,54.67015043341373
96,g0,0.7157274211844279
96,D,2.780210754314309
96,sigma,58.321766061391244
97,g0,0.9901574150660789
97,D,3.3445887500221336
97,sigma,57.624116040343054
98,g0,0.8435489954963504
98,D,2.745352800600812
98,sigma,58.46896839920083
99,g0,0.9999999994360962
99,D,1.6709767465133905
99,sigma,65.21935991920887
100,g0,0.9999999907293413
100,D,2.901298487494607
100,sigma,55.279592674386
101,g0,0.9999999959768809
101,D,2.2556081751595136
101,sigma,54.5425411772717
102,g0,0.8787835667892918
102,D,3.368498826003052
102,sigma,52.58831608947546
103,g0,0.99999999205663
103,D,3.1877303706095566
103,sigma,45.24389652787991
104,g0,0.9999999984886166
104,D,2.8740285926320577
104,sigma,57.03642700922506
105,g0,0.9325758496201028
105,D,2.655951558518817
105,sigma,61.39749405963557
106,g0,0.9999999887720764
106,D,3.766712983623895
106,sigma,47.99991215109974
107,g0,0.6449579063219115
107,D,2.6068521671487264
107,sigma,71.94039733332589
108,g0,0.9999999990549895
108,D,2.595383221704307
108,sigma,56.14305499664915
109,g0,0.49885653990688694
109,D,1.9761588878798473
109,sigma,78.32936148542694
110,g0,0.9999999995707142
110,D,3.0060182108810825
110,sigma,56.2643064983838
111,g0,0.6699157527406295
111,D,3.3557439600672176
111,sigma,62.98377855834669
112,g0,0.3168101324027371
112,D,1.8114285486502857
112,sigma,103.03113570164243
113,g0,0.7376460236542276
113,D,2.216156817937516
113,sigma,71.13270859699075
114,g0,0.6908472525117455
114,D,3.25069127181078
114,sigma,62.2217291075382
115,g0,0.8533217509990054
115,D,3.758912498260834
115,sigma,53.47039300294915
116,g0,0.7396220160415138
116,D,2.1714896073184424
116,sigma,63.192777220810726
117,g0,0.9999999972177822
117,D,2.4420316586003348
117,sigma,51.15934597369507
118,g0,0.7379102964459264
118,D,4.983342336059149
118,sigma,52.30205137829077
119,g0,0.7767363758466813
119,D,2.3830490828204725
119,sigma,57.66473886567091
120,g0,0.32895812070705815
120,D,3.9636559169244334
120,sigma,74.88725845304785
121,g0,0.7498088414320827
121,D,2.9728606676682934
121,sigma,63.81597858866081
122,g0,0.6993535716915751
122,D,3.09728930685418
122,sigma,61.39727035192853
123,g0,0.9999999819420955
123,D,2.8680014408171144
123,sigma,54.46364961036416
124,g0,0.8896420625958734
124,D,2.944170103833673
124,sigma,57.941974920124245
125,g0,0.8884422601760297
125,D,3.84381286378521
125,sigma,51.467514231038564
126,g0,0.9343494207018442
126,D,3.7379181052627692
126,sigma,48.05458409781132
127,g0,0.8566340904414794
127,D,2.9528585558339078
127,sigma,75.27337977456058
128,g0,0.8733634786564348
128,D,2.038702931055796
128,sigma,68.61710702300151
129,g0,0.9225399695666692
129,D,2.0964941848292318
129,sigma,62.00099035774732
130,g0,0.47842760310702687
130,D,4.648547505594973
130,sigma,62.90731626340821
131,g0,0.5150663942492439
131,D,3.276287665683227
131,sigma,68.33971665285206
132,g0,0.5624601765056515
132,D,2.1055529852994512
132,sigma,69.21483475978542
133,g0,0.9999999994227049
133,D,3.203709003609901
133,sigma,54.62815867437312
134,g0,0.9999999994407979
134,D,1.700478107476989
134,sigma,62.12634571805858
135,g0,0.7534816425035177
135,D,2.8199778491722047
135,sigma,60.567195424172915
136,g0,0.642129955099459
136,D,2.60417048777021
136,sigma,70.61034036851825
137,g0,0.924272123094602
137,D,4.100904058765671
137,sigma,45.129137085924775
138,g0,0.748712966321743
138,D,3.160570938588279
138,sigma,62.34214212048589
139,g0,0.764996936853266
139,D,2.453794780655034
139,sigma,64.99200504282544
140,g0,0.7284763979435983
140,D,2.63721389615321
140,sigma,60.041374648782416
141,g0,0.9999999966581133
141,D,2.6239884177372264
141,sigma,39.76713965905525
142,g0,0.6959789847783044
142,D,3.128325041249642
142,sigma,63.71281511583782
143,g0,0.5425670217718426
143,D,2.765447243084856
143,sigma,71.58755052558949
144,g0,0.9999999988971137
144,D,2.5993176818715096
144,sigma,54.598890133063314
145,g0,0.9999999781579152
145,D,2.295150941983853
145,sigma,52.10406497224447
146,g0,0.5312276902297541
146,D,2.6044401439135076
146,sigma,82.95479187351889
147,g0,0.6889745343785445
147,D,2.837671989223675
147,sigma,64.37685895764425
148,g0,0.9999999969268328
148,D,2.739449994074572
148,sigma,52.32936621744264
149,g0,0.3545609332120531
149,D,2.7412847336049477
149,sigma,78.23111321202337
150,g0,0.9990651272649788
150,D,3.1105490277025307
150,sigma,49.80480921259695
151,g0,0.9999994942414684
151,D,2.870318363474308
151,sigma,57.096506109168615
152,g0,0.756703035983604
152,D,3.363237741814623
152,sigma,59.28057686618582
153,g0,0.8402568216910965
153,D,2.213331206596632
153,sigma,53.22648614988682
154,g0,0.9999999966406857
154,D,4.666348863790803
154,sigma,33.969131027030635
155,g0,0.7378982572262257
155,D,2.391828982560648
155,sigma,60.68828044763349
156,g0,0.4442044126301841
156,D,4.22008993146108
156,sigma,68.19331234382749
157,g0,0.5101306569612577
157,D,3.0479011888240533
157,sigma,85.50278374769555
158,g0,0.8570327010644108
158,D,4.228962446871302
158,sigma,47.93769834396301
159,g0,0.5940669484713037
159,D,2.9803458918853636
159,sigma,66.70211290731558
160,g0,0.8963145272918268
160,D,1.9524505187117578
160,sigma,66.39676106041044
161,g0,0.5484984249602167
161,D,1.8000056137745057
161,sigma,73.1506512135247
162,g0,0.9192638545784646
162,D,2.2822837843265753
162,sigma,63.10793737837496
163,g0,0.6664491839751852
163,D,3.5612410945359025
163,sigma,54.607384724739724
164,g0,0.6642105876007336
164,D,3.3598096568247335
164,sigma,59.46510707067576
165,g0,0.8622478238227537
165,D,2.9068778871851615
165,sigma,59.41664888170223
166,g0,0.999999994189256
166,D,3.2006813801331626
166,sigma,54.67010413840433
167,g0,0.9999999785625117
167,D,1.7950171415156695
167,sigma,63.61840204031275
168,g0,0.6005235184784904
168,D,3.0723472618037735
168,sigma,66.3821776398718
169,g0,0.8626475806848966
169,D,2.2279629493807707
169,sigma,72.73797239704251
170,g0,0.4028279267643407
170,D,4.194735034099507
170,sigma,69.3222836298155
171,g0,0.9999999959565569
171,D,2.5578004131041494
171,sigma,58.30365208187252
172,g0,0.9999999942195118
172,D,3.045126275281052
172,sigma,50.62786298214532
173,g0,0.9999999820622988
173,D,3.6336118522323226
173,sigma,52.54948902269606
174,g0,0.31284116450255595
174,D,1.8721436376681204
174,sigma,115.62755886537624
175,g0,0.4596184660166316
175,D,3.2152336315060657
175,sigma,65.68465730908379
176,g0,0.6789867080643921
176,D,3.5908712471093547
176,sigma,57.33327502059792
177,g0,0.9184239426915465
177,D,3.304381549849167
177,sigma,54.49419332182178
178,g0,0.8000322157886295
178,D,3.608436937067206
178,sigma,52.50908933162973
179,g0,0.5881546743323178
179,D,3.355163442559395
179,sigma,59.23900304467087
180,g0,0.823146168395405
180,D,2.8780235120935602
180,sigma,61.220301279550924
181,g0,0.896628508194556
181,D,2.3193219995669936
181,sigma,66.2692371760527
182,g0,0.7043709760333045
182,D,2.082133133065628
182,sigma,72.2237918683044
183,g0,0.6873754873013872
183,D,2.542068058424581
183,sigma,64.97702341839096
184,g0,0.6412328102440453
184,D,2.1478998274070187
184,sigma,73.60282721953261
185,g0,0.9999999822328213
185,D,3.431906624570177
185,sigma,49.437184259249506
186,g0,0.9999999990438864
186,D,3.0138312741903843
186,sigma,43.47649610814511
187,g0,0.999999994435438
187,D,1.5232498811610689
187,sigma,70.22122222132185
188,g0,0.9999999828006169
188,D,2.045586899452079
188,sigma,53.454732923780384
189,g0,0.838629986877458
189,D,3.1605027123215623
189,sigma,56.53245922128129
190,g0,0.4112098803216372
190,D,3.562788226550921
190,sigma,70.61693281822681
191,g0,0.510441978576028
191,D,2.4344355992071915
191,sigma,76.57358336224368
192,g0,0.9999999977702009
192,D,4.159206757388783
192,sigma,45.39108349233544
193,g0,0.9911979510562148
193,D,2.533605953902307
193,sigma,52.962340977164246
194,g0,0.35048411961719145
194,D,5.599090795076861
194,sigma,56.91967198513226
195,g0,0.9999999988870041
195,D,1.6539083617478851
195,sigma,59.01110949823765
196,g0,0.9999999986180601
196,D,3.4806411809752955
196,sigma,44.52435182937318
197,g0,0.429113007386962
197,D,5.611731795901721
197,sigma,63.568643375023726
198,g0,0.5890111478503868
198,D,1.9587219853877815
198,sigma,81.24701267206349
199,g0,0.7957325666299456
199,D,2.5699343833717236
199,sigma,63.18474317960253
200,g0,0.999999999689164
200,D,5.200377110947728
200,sigma,36.55399737767238
201,g0,0.7339178288049817
201,D,3.198765200022161
201,sigma,62.39168816166096
202,g0,0.9999999979971831
202,D,4.116452343729869
202,sigma,46.67122495983794
203,g0,0.4761230141673964
203,D,1.9299983701814578
203,sigma,83.31732645093264
204,g0,0.781088041891757
204,D,2.9802053616325836
204,sigma,58.49419983960537
205,g0,0.9999999975274823
205,D,2.2955128700085243
205,sigma,48.751899446639065
206,g0,0.9999999989764619
206,D,2.9249085479193453
206,sigma,47.04688793147694
207,g0,0.5580958869389635
207,D,1.7323720562352498
207,sigma,76.80551611702563
208,g0,0.976541774886047
208,D,2.641733754952099
208,sigma,56.01069383549754
209,g0,0.9999999971349381
209,D,2.7884049209697466
209,sigma,51.58987519833074
210,g0,0.4312438546689274
210,D,3.0981088611902146
210,sigma,81.18807138771514
211,g0,0.9999999264877503
211,D,3.06107163478265
211,sigma,55.43945617331706
212,g0,0.6736377769449534
212,D,3.016366098047014
212,sigma,67.70839785579861
213,g0,0.9999999947255249
213,D,2.2244757976145255
213,sigma,49.97852411947694
214,g0,0.999999997110082
214,D,1.880426898878727
214,sigma,63.24541129910556
215,g0,0.6715403226624869
215,D,2.5754382433318734
215,sigma,68.21096844454904
216,g0,0.6831342001456078
216,D,3.146168568167218
216,sigma,60.09874232595934
217,g0,0.901911894667422
217,D,4.137612811187875
217,sigma,44.522342775426424
218,g0,0.8191734778712273
218,D,2.6464926591078024
218,sigma,65.34964097101341
219,g0,0.9999999994997829
219,D,2.128067714519782
219,sigma,55.39023096210303
220,g0,0.7149508601125484
220,D,3.0340948492865136
220,sigma,65.61125311902482
221,g0,0.8909707283757001
221,D,3.7781543335638044
221,sigma,49.98124813233669
222,g0,0.47547378045705785
222,D,3.0107898079355047
222,sigma,68.92915682559376
223,g0,0.8126651944291905
223,D,3.2027673566001
223,sigma,56.86735897266017
224,g0,0.9999999967204247
224,D,3.761116324305803
224,sigma,51.11424201981981
225,g0,0.7009033969399904
225,D,2.4456681714754676
225,sigma,62.90109607644157
226,g0,0.7812858640494321
226,D,3.006300515076308
226,sigma,58.11330059167142
227,g0,0.8062903823869243
227,D,3.039201506557465
227,sigma,50.11051005984764
228,g0,0.5078758075089891
228,D,2.9764168206999084
228,sigma,73.23510657324609
229,g0,0.8942792099368958
229,D,2.2858325552406997
229,sigma,60.49958974327552
230,g0,0.9999999869501655
230,D,3.7208624142072857
230,sigma,48.46255889665651
231,g0,0.7375950043691213
231,D,3.257278741846903
231,sigma,55.17110872925275
232,g0,0.3844491170315186
232,D,4.20365419864815
232,sigma,74.35189628401595
233,g0,0.9999999674099624
233,D,3.1795295156067467
233,sigma,47.721157213359106
234,g0,0.3994272390533891
234,D,3.420674930614435
234,sigma,73.41723114162687
235,g0,0.8214139246592005
235,D,2.8290655276544014
235,sigma,53.690112595794005
236,g0,0.9999999951768953
236,D,2.942029172578844
236,sigma,48.130769806810356
237,g0,0.9096620043182796
237,D,1.9663282315409043
237,sigma,61.78201067121335
238,g0,0.5774200432332321
238,D,2.5672995837934764
238,sigma,68.3088539924215
239,g0,0.9999999992238356
239,D,3.645246629019083
239,sigma,45.07599925081095
240,g0,0.7722778334791738
240,D,2.9244123470780568
240,sigma,49.89906237995678
241,g0,0.9999999966427575
241,D,3.9200634750533743
241,sigma,45.56935146693221
242,g0,0.5290873605580056
242,D,2.1468117754369556
242,sigma,81.85401799410118
243,g0,0.5278994635503034
243,D,3.740254852223215
243,sigma,60.701913630887596
244,g0,0.5801185412153438
244,D,1.8060903723419468
244,sigma,73.43419038152363
245,g0,0.6374448009262533
245,D,2.191689890688731
245,sigma,72.77193208341721
246,g0,0.682384014652987
246,D,3.087107648092651
246,sigma,58.238411139044864
247,g0,0.6403954048704728
247,D,2.635042036863364
247,sigma,65.49750902523117
248,g0,0.9999999987334062
248,D,2.9654341030179734
248,sigma,42.74412242018737
249,g0,0.515641513658545
249,D,3.7439273462558647
249,sigma,60.11956982873661
250,g0,0.6511901229213835
250,D,4.309108608507745
250,sigma,55.753512303526165
251,g0,0.9999999988355435
251,D,2.0675674074873394
251,sigma,62.189279363901676
252,g0,0.6314299633321776
252,D,3.8788096346355903
252,sigma,61.95117236820902
253,g0,0.8188430578554592
253,D,2.4291779778041156
253,sigma,52.052324800317336
254,g0,0.9999999944348659
254,D,2.890352222651425
254,sigma,50.13148272851684
255,g0,0.9162431440316632
255,D,2.388100901290597
255,sigma,60.996871935791326
256,g0,0.5345786923142721
256,D,2.1005990469521443
256,sigma,72.98353416035987
257,g0,0.7274746779893645
257,D,2.389189893914114
257,sigma,74.16620748993249
258,g0,0.9692723854655114
258,D,4.0935004084262125
258,sigma,40.315481339941684
259,g0,0.9999999902409362
259,D,2.6607605016696807
259,sigma,56.45806591436934
260,g0,0.7756507146971076
260,D,3.897067890784042
260,sigma,54.70894075279435
261,g0,0.9999999975278233
261,D,2.9635500846532685
261,sigma,54.334794792828795
262,g0,0.7522098631478427
262,D,2.759384532316826
262,sigma,61.58261915025151
263,g0,0.7680112294203467
263,D,3.6226803034498056
263,sigma,53.49296343966259
264,g0,0.9999999988527221
264,D,3.267493867465812
264,sigma,51.40811385464497
265,g0,0.9644088730067062
265,D,2.4657172628200974
265,sigma,56.46670456344284
266,g0,0.48500061715669707
266,D,4.019849405287237
266,sigma,68.60709300215494
267,g0,0.9999999991209187
267,D,2.9535793200040086
267,sigma,50.57848654506596
268,g0,0.4629021942105666
268,D,1.8764889973541408
268,sigma,92.25560684256844
269,g0,0.6493977443885974
269,D,2.7518855130255284
269,sigma,67.61073292278807
270,g0,0.7929248109977045
270,D,2.4921166556430476
270,sigma,64.75001281710492
271,g0,0.6280972257108977
271,D,3.7789872924798567
271,sigma,63.2329871132897
272,g0,0.776041521779729
272,D,3.1958589307700573
272,sigma,64.47582261628156
273,g0,0.7239936010160306
273,D,2.599805200515105
273,sigma,65.46367957708128
274,g0,0.3699490677522108
274,D,2.5571600931292156
274,sigma,81.91400974882366
275,g0,0.9055457295360845
275,D,2.974080098930579
275,sigma,64.68656232396864
276,g0,0.9999999962870744
276,D,3.676817971186426
276,sigma,44.783045506922385
277,g0,0.9999999548906598
277,D,2.7421583064450785
277,sigma,53.690186402147866
278,g0,0.9014617313282521
278,D,1.994365909299952
278,sigma,68.84736908424975
279,g0,0.999999998928318
279,D,3.251462577229928
279,sigma,50.42901794350087
280,g0,0.6743955286930333
280,D,2.8036589054338363
280,sigma,69.8476353866999
281,g0,0.9999999926388125
281,D,2.9017161951245454
281,sigma,46.02857007022448
282,g0,0.5842671447011398
282,D,3.105212687646312
282,sigma,62.603075130209916
283,g0,0.9999999972795878
283,D,2.655717883920793
283,sigma,52.20909147935112
284,g0,0.9063247322234006
284,D,2.635181269321941
284,sigma,55.298396120584975
285,g0,0.6963425997474512
285,D,4.043497404237996
285,sigma,48.928845175813564
286,g0,0.700680809560261
286,D,3.2968671170064794
286,sigma,61.18413612357627
287,g0,0.7672660528029518
287,D,2.8517783708802744
287,sigma,55.291195687375456
288,g0,0.9257641119186122
288,D,2.3714782000780428
288,sigma,57.805349739251824
289,g0,0.6222601797737807
289,D,3.1506060907267246
289,sigma,65.49384235190945
290,g0,0.9999999981030531
290,D,3.3600685058595956
290,sigma,46.85917715518844
291,g0,0.9455800074180123
291,D,2.2315856158863703
291,sigma,60.03497607630147
292,g0,0.7370128486127626
292,D,4.003941678188924
292,sigma,57.14176721526939
293,g0,0.914284741720503
293,D,2.6462342432411825
293,sigma,60.70867626026808
294,g0,0.8628829841292879
294,D,3.1349114832283496
294,sigma,53.54855845676548
295,g0,0.9999999913905051
295,D,2.897268564115957
295,sigma,54.01715197037327
296,g0,0.9519484783268977
296,D,2.5643857196084245
296,sigma,56.59469785103436
297,g0,0.6415893760081667
297,D,2.9420343050618074
297,sigma,67.69538046647719
298,g0,0.7603549464095188
298,D,4.240896328189122
298,sigma,53.96446638999016
299,g0,0.5926511822067512
299,D,3.3568719696842813
299,sigma,66.72285134323593
300,g0,0.999999998907815
300,D,2.9322388957671137
300,sigma,50.87202198399371
301,g0,0.5780475500583665
301,D,3.897117884894165
301,sigma,63.319347041446825
302,g0,0.8554296652789709
302,D,3.2884523941833335
302,sigma,49.476016113404164
303,g0,0.7427094580815821
303,D,4.160397978990348
303,sigma,47.354970014385536
304,g0,0.9097217874995246
304,D,3.066569677235086
304,sigma,55.51354317470386
305,g0,0.9174636373102538
305,D,2.4788892998465117
305,sigma,54.51333202695141
306,g0,0.9999999991345376
306,D,2.3710915838853523
306,sigma,47.53158820545051
307,g0,0.6378584051863608
307,D,2.80377786641638
307,sigma,62.86301360644078
308,g0,0.6583444562394836
308,D,2.6451610461450494
308,sigma,64.47951663853735
309,g0,0.5675815979810921
309,D,3.5149508848200792
309,sigma,55.86139584332653
310,g0,0.7446291537322982
310,D,3.5927145765465127
310,sigma,53.53070292213856
311,g0,0.5718621326028953
311,D,2.3764230735964653
311,sigma,82.29546311069593
312,g0,0.6451585677729004
312,D,3.4776350763779185
312,sigma,71.9042633384517
313,g0,0.8269910171280709
313,D,3.1825738157006764
313,sigma,59.1189632721204
314,g0,0.6018172423400155
314,D,3.7920269413674492
314,sigma,57.50781513233273
315,g0,0.999999987519855
315,D,3.279074673959641
315,sigma,44.289689266426386
316,g0,0.9999999769544325
316,D,3.191979274589479
316,sigma,47.57609037909573
317,g0,0.4481866150667378
317,D,2.7654609199707214
317,sigma,71.47540678703176
318,g0,0.9999999942811705
318,D,2.3987693397693906
318,sigma,45.52339559917507
319,g0,0.9519183859600318
319,D,2.4973820265024522
319,sigma,53.165314759517976
320,g0,0.9999999993510567
320,D,3.3492607685221265
320,sigma,48.11463784592379
321,g0,0.6496355403619607
321,D,2.750167556670263
321,sigma,64.6588695235048
322,g0,0.6637102997685723
322,D,3.3588263217969616
322,sigma,65.66202829720807
323,g0,0.5879754534357293
323,D,3.4398342453850423
323,sigma,67.10569523624096
324,g0,0.8149896228305195
324,D,2.7176275182238334
324,sigma,57.005664783538506
325,g0,0.7518234712998608
325,D,1.8747168798292306
325,sigma,71.79684974322984
326,g0,0.8925592248279595
326,D,3.054866048635897
326,sigma,56.21935627708741
327,g0,0.6955810824661501
327,D,3.422555812008827
327,sigma,64.56491432054479
328,g0,0.9780940532089755
328,D,2.5772014174316937
328,sigma,52.61333084059815
329,g0,0.9999999993576878
329,D,3.787782487162625
329,sigma,55.898121517792205
330,g0,0.44864379137374716
330,D,4.864290187861446
330,sigma,57.88150419084104
331,g0,0.7086140912281659
331,D,2.198623434800515
331,sigma,71.05165171827437
332,g0,0.6801871282008503
332,D,2.1515945206459905
332,sigma,71.64840280071519
333,g0,0.8947329659143085
333,D,2.682532534156586
333,sigma,57.80974373538178
334,g0,0.6225104702998775
334,D,2.7579747992804124
334,sigma,70.29719331359142
335,g0,0.9999999411131467
335,D,2.483706909385328
335,sigma,50.472771703611905
336,g0,0.9999999990936803
336,D,3.9841075502135257
336,sigma,49.79189404352856
337,g0,0.7846395776985668
337,D,3.9146171083968464
337,sigma,56.27557582928954
338,g0,0.9999090291946063
338,D,3.8298988622334478
338,sigma,51.38618763938544
339,g0,0.35557099378380974
339,D,4.123159713458964
339,sigma,73.04494413464575
340,g0,0.999999995668035
340,D,3.1839891310967428
340,sigma,47.669036604474655
341,g0,0.9999999992719737
341,D,2.866108535719041
341,sigma,51.809937289682345
342,g0,0.7341438637948864
342,D,3.244984808702097
342,sigma,59.247047051292995
343,g0,0.5732240391387812
343,D,2.2155079273701497
343,sigma,86.13703812317421
344,g0,0.9999999981794825
344,D,1.6552513655912617
344,sigma,49.71307516745061
345,g0,0.8826689553851709
345,D,3.4789210805863338
345,sigma,52.335909735547396
346,g0,0.7065224626836395
346,D,3.4484774304381354
346,sigma,60.2145725256432
347,g0,0.8414003825672656
347,D,4.25859883213716
347,sigma,58.462000500564805
348,g0,0.9537156905526304
348,D,2.207554896413937
348,sigma,63.7159560907589
349,g0,0.6560489992949015
349,D,2.3714955511767006
349,sigma,71.36699455043805
350,g0,0.8298237527860552
350,D,2.91881560310742
350,sigma,57.647540902676134
351,g0,0.9640886932322393
351,D,3.551605877849534
351,sigma,50.19876023433485
352,g0,0.9999999980094626
352,D,3.671909465356268
352,sigma,46.89041165162563
353,g0,0.9999999983152279
353,D,3.875379689993437
353,sigma,39.26210640341467
354,g0,0.6143003148057354
354,D,3.32388455454407
354,sigma,69.77645728868984
355,g0,0.9462835899823079
355,D,2.251486286997785
355,sigma,66.24433505721105
356,g0,0.9999999993416501
356,D,3.062992159146788
356,sigma,46.647245507045966
357,g0,0.9999999983335143
357,D,2.902682058319403
357,sigma,49.96222773049939
358,g0,0.6119933906246142
358,D,2.187798163028055
358,sigma,77.7392054058426
359,g0,0.7553052195988754
359,D,3.5803771667421627
359,sigma,61.212446743813175
360,g0,0.9999999996106453
360,D,4.6148427509692755
360,sigma,42.820484059301805
361,g0,0.7410215513409419
361,D,4.1087736311066365
361,sigma,43.70362040503953
362,g0,0.9388692103051584
362,D,2.8839192370312032
362,sigma,61.31173307077635
363,g0,0.8038518433639097
363,D,2.484124267435494
363,sigma,67.5715868250595
364,g0,0.8433775725213616
364,D,2.9676527372864787
364,sigma,57.79950863972426
365,g0,0.7821466221480369
365,D,2.7555098805583937
365,sigma,57.60000015561778
366,g0,0.699792889236588
366,D,4.61233720605745
366,sigma,52.182711111538765
367,g0,0.9999999987743545
367,D,2.5003437630866396
367,sigma,47.14484098018216
368,g0,0.9599045222665762
368,D,3.1898238666399688
368,sigma,53.55535650185215
369,g0,0.9999999994299558
369,D,2.4686389601754324
369,sigma,53.83363130977712
370,g0,0.6468614971590989
370,D,3.1626141316868477
370,sigma,70.55230422636859
371,g0,0.9999999975417223
371,D,2.1112361766700927
371,sigma,59.357597813906715
372,g0,0.9999999991816718
372,D,3.9796219734392575
372,sigma,52.73409946234556
373,g0,0.9999999976648617
373,D,2.274187723656566
373,sigma,47.43100407855633
374,g0,0.4549263863777441
374,D,2.822820928847081
374,sigma,74.91672694056172
375,g0,0.4212975221136168
375,D,2.1695007898797596
375,sigma,73.16077545336934
376,g0,0.7568889470952446
376,D,3.315909745659059
376,sigma,61.09612424066115
377,g0,0.7591670298022732
377,D,3.1422687151732878
377,sigma,62.195019815675565
378,g0,0.7366014293235215
378,D,4.9424619346648315
378,sigma,59.32582800332787
379,g0,0.9999999991490783
379,D,2.4739819064658994
379,sigma,56.83854370416913
380,g0,0.9999999934438863
380,D,4.089228391479271
380,sigma,47.84300326870512
381,g0,0.8252738277042548
381,D,2.125693859128869
381,sigma,64.57470623429431
382,g0,0.6625675044935654
382,D,3.3422153598290207
382,sigma,57.21964649969441
383,g0,0.3103563749551694
383,D,4.754398835460204
383,sigma,78.58077760196015
384,g0,0.6329743368357721
384,D,2.3555249647599985
384,sigma,67.73234447832048
385,g0,0.6893032796074611
385,D,3.921166546920531
385,sigma,54.60486959831543
386,g0,0.8429272983072463
386,D,1.9154005759491506
386,sigma,67.25037534265263
387,g0,0.8104765697200089
387,D,2.7651875085872364
387,sigma,66.320768758748
388,g0,0.9078210850099181
388,D,2.875029445421648
388,sigma,55.74028600720225
389,g0,0.6714446600720517
389,D,3.3236001087089537
389,sigma,59.59643577709579
390,g0,0.9522064924072846
390,D,3.475892339390572
390,sigma,50.27966751013893
391,g0,0.999999998718902
391,D,3.571951448521768
391,sigma,44.72106111191303
392,g0,0.9122204995813709
392,D,2.749265225183851
392,sigma,54.752909420259456
393,g0,0.6354222328257618
393,D,1.7851621914504165
393,sigma,75.47971984672786
394,g0,0.8189388433999337
394,D,2.9481231036081517
394,sigma,60.271369338776665
395,g0,0.8521777677867258
395,D,1.8439085534597397
395,sigma,68.88340960539388
396,g0,0.9999999968188569
396,D,3.5996307350059515
396,sigma,38.32059627208731
397,g0,0.5496538496446878
397,D,3.6543905032394948
397,sigma,61.65483618878587
398,g0,0.6347203187971177
398,D,4.631524288863972
398,sigma,59.4323843722885
399,g0,0.9673574050564118
399,D,2.0417758703745177
399,sigma,67.36517186436382
400,g0,0.9999999993441874
400,D,4.078503483181784
400,sigma,49.818789751328445
401,g0,0.9999999976782508
401,D,2.5297463098742576
401,sigma,54.29977053151027
402,g0,0.7703086611462375
402,D,1.7543021731386022
402,sigma,68.19298847757783
403,g0,0.9999999980794856
403,D,3.558204401529558
403,sigma,54.526606618526706
404,g0,0.49629853818248604
404,D,2.8036546868713006
404,sigma,62.59274737307853
405,g0,0.7657645024603155
405,D,3.0957574657823126
405,sigma,54.82510672303802
406,g0,0.9999999895892895
406,D,2.6817586614410605
406,sigma,57.52205278745711
407,g0,0.20106449124175302
407,D,1.9446837878001073
407,sigma,150.87458398616457
408,g0,0.6346712984398473
408,D,3.365673850571571
408,sigma,66.94583652903391
409,g0,0.5819318416579844
409,D,1.8178344963532886
409,sigma,77.41719903461903
410,g0,0.8456277881711155
410,D,3.5925494624518612
410,sigma,63.18546405901943
411,g0,0.3953656700926031
411,D,5.055355428013051
411,sigma,63.412740935251605
412,g0,0.999999999056948
412,D,2.5096849123426974
412,sigma,47.00884190844263
413,g0,0.6102211921549647
413,D,3.034201752870429
413,sigma,69.17751398813277
414,g0,0.8578716444563306
414,D,2.1555075388863685
414,sigma,73.07806668536634
415,g0,0.8132625733232651
415,D,2.0204144890586244
415,sigma,67.52324051460464
416,g0,0.594064149186576
416,D,3.6796040580407996
416,sigma,64.96532977978039
417,g0,0.8721328602123201
417,D,1.9545256688190926
417,sigma,55.36601857285287
418,g0,0.640402843093002
418,D,3.5761537283620206
418,sigma,66.23620407523799
419,g0,0.9999999963724838
419,D,2.327119431394234
419,sigma,59.74600949550653
420,g0,0.9999999986810563
420,D,2.2618892665356998
420,sigma,54.41965776575328
421,g0,0.7815198083634055
421,D,2.510948203513461
421,sigma,50.4546185169441
422,g0,0.9686006161275473
422,D,2.808190924385315
422,sigma,59.030402030554626
423,g0,0.9955935812340103
423,D,2.1765897969554477
423,sigma,54.50936388686438
424,g0,0.712212201098887
424,D,2.7781978253697743
424,sigma,58.494915379638705
425,g0,0.8031152469528495
425,D,2.495872344460634
425,sigma,62.74594259059249
426,g0,0.999999999042671
426,D,3.6341854296238925
426,sigma,52.54280619951341
427,g0,0.7716388559063384
427,D,2.619334863362278
427,sigma,69.09623652349856
428,g0,0.8318552041248235
428,D,3.095921421694
428,sigma,53.80059272811895
429,g0,0.956795737887041
429,D,1.9396907215972992
429,sigma,64.84809953848303
430,g0,0.5314861382002823
430,D,2.350428710937491
430,sigma,76.97546088310376
431,g0,0.9206546524826569
431,D,3.632456558436569
431,sigma,50.58553520556783
432,g0,0.9999999963064676
432,D,3.1581285906888934
432,sigma,46.76670004466102
433,g0,0.9999999925126383
433,D,2.1767261761994297
433,sigma,56.14404016599581
434,g0,0.7135659557552623
434,D,1.5935174711317694
434,sigma,80.09894043418093
435,g0,0.9999999826502441
435,D,3.418224372137165
435,sigma,52.96700604892847
436,g0,0.9999999990276616
436,D,2.864042366115016
436,sigma,45.17104000309261
437,g0,0.5995379749961468
437,D,3.5769183626543626
437,sigma,61.14740570984027
438,g0,0.5947724380494006
438,D,3.6365230792617598
438,sigma,55.82151777320842
439,g0,0.8241684373380852
439,D,3.3197539173122514
439,sigma,53.76973226179894
440,g0,0.5826625203931947
440,D,5.423616877064023
440,sigma,48.94278312337881
441,g0,0.999999995792078
441,D,3.824916751479647
441,sigma,51.43739301703532
442,g0,0.888448616274618
442,D,2.7545301654246366
442,sigma,55.41747446020927
443,g0,0.6210424926074507
443,D,2.9773463090959256
443,sigma,61.107911113790834
444,g0,0.5412505835783072
444,D,3.6581186669322894
444,sigma,68.1417140877586
445,g0,0.9999999989174909
445,D,3.6830538818045317
445,sigma,56.151939149928864
446,g0,0.9999999995688199
446,D,2.8305579041143836
446,sigma,56.401203191920565
447,g0,0.9999998477311922
447,D,3.116518087219677
447,sigma,55.867192037910826
448,g0,0.9999999974555297
448,D,2.39270082932765
448,sigma,50.39679225615909
449,g0,0.6751028395036723
449,D,2.126041148785485
449,sigma,74.29305557888112
450,g0,0.8904671606729084
450,D,2.741825947788892
450,sigma,62.59321965526703
451,g0,0.5034886976451856
451,D,3.263941452648891
451,sigma,69.24036349607324
452,g0,0.6230782218183845
452,D,2.76695772495704
452,sigma,74.42679585995185
453,g0,0.9812607998074067
453,D,2.853449700688188
453,sigma,55.222024891398924
454,g0,0.9999999944607143
454,D,3.3832248026093157
454,sigma,52.27246927711919
455,g0,0.5441957699699259
455,D,3.212995803410868
455,sigma,64.72476794489799
456,g0,0.8978988757739366
456,D,1.81708689177661
456,sigma,64.02626773814552
457,g0,0.9999999989091308
457,D,2.8653616020018062
457,sigma,58.505381076952574
458,g0,0.8439073702427816
458,D,2.5045875727474756
458,sigma,61.133004252520635
459,g0,0.8278528515602258
459,D,3.8326416608911984
459,sigma,49.34871383230756
460,g0,0.9999999459057345
460,D,2.6801693881216515
460,sigma,63.165552938141424
461,g0,0.5555862594623038
461,D,2.699732013801833
461,sigma,67.2425247642721
462,g0,0.9456747043509115
462,D,3.161949049235891
462,sigma,58.00969428404559
463,g0,0.999999992738091
463,D,4.5288482066920714
463,sigma,46.74918557703691
464,g0,0.949274967612074
464,D,4.820190027417895
464,sigma,49.93276315723387
465,g0,0.5505914202768614
465,D,3.32920561266039
465,sigma,69.42816815249826
466,g0,0.3013649260678766
466,D,4.230564705569377
466,sigma,66.71528374161366
467,g0,0.685641417557067
467,D,3.21182257284811
467,sigma,64.24735197564202
468,g0,0.49605501478038416
468,D,2.7333655231738465
468,sigma,71.9357876108512
469,g0,0.7278987879992224
469,D,2.685245119521661
469,sigma,60.804993784711236
470,g0,0.9999999985883241
470,D,2.7026531844250417
470,sigma,55.74459756110513
471,g0,0.9999999984864193
471,D,2.973406025324539
471,sigma,45.18016129616342
472,g0,0.9999999875392984
472,D,2.199527175497517
472,sigma,55.66991384531284
473,g0,0.8457581152933218
473,D,2.9548844736672253
473,sigma,53.892049184541655
474,g0,0.7259045225627501
474,D,3.8844966452334324
474,sigma,55.65693082262375
475,g0,0.8860839630067978
475,D,2.4339854835905173
475,sigma,71.73545047377273
476,g0,0.9999999988953261
476,D,3.1299959421385974
476,sigma,56.89350092431282
477,g0,0.9999999970820144
477,D,3.1096846112491563
477,sigma,57.196167630522574
478,g0,0.7643651936017379
478,D,2.6527012072899376
478,sigma,74.37235032925675
479,g0,0.9999999982577773
479,D,1.5335413063649466
479,sigma,76.57168234664194
480,g0,0.9999999998140626
480,D,3.756141651881643
480,sigma,55.26140708199607
481,g0,0.909963906114043
481,D,1.4464072838116782
481,sigma,52.706825755924164
482,g0,0.6609155936450704
482,D,2.54930544016877
482,sigma,66.0439091216753
483,g0,0.44237524288420804
483,D,1.8608262978425414
483,sigma,73.97657204054656
484,g0,0.6885864174073689
484,D,4.159508556420293
484,sigma,60.55461948639459
485,g0,0.6212236331464801
485,D,2.9459501151288032
485,sigma,67.24665496584797
486,g0,0.9999999984815207
486,D,4.092894806497333
486,sigma,51.55717934398604
487,g0,0.9999999973164057
487,D,4.047732115922393
487,sigma,41.71444879855886
488,g0,0.6971843857792039
488,D,2.11945359932044
488,sigma,71.63763165392703
489,g0,0.9128975455061347
489,D,3.096840702110376
489,sigma,63.66427636003698
490,g0,0.5877545699997705
490,D,2.168340943663567
490,sigma,74.1026428935411
491,g0,0.8494483623815683
491,D,2.92202086410354
491,sigma,56.93048670806871
492,g0,0.5640601701616883
492,D,3.0505967894059838
492,sigma,72.7929858791257
493,g0,0.9999999992399053
493,D,1.9388718915846046
493,sigma,51.86755789945635
494,g0,0.8057178475136608
494,D,3.089202782328865
494,sigma,59.94679555212996
495,g0,0.9009193712744339
495,D,3.8763320524436775
495,sigma,59.80836009257504
496,g0,0.7302083734244658
496,D,4.04280913250492
496,sigma,54.96793524130283
497,g0,0.999999999949613
497,D,5.517301890366434
497,sigma,40.39412188093957
498,g0,0.9999999980380798
498,D,2.502919426984062
498,sigma,54.77155283011108
499,g0,0.4644630359133962
499,D,3.5561187132200622
499,sigma,69.36299430494007
500,g0,0.99999999682632
500,D,2.1986081810996163
500,sigma,60.87087565997618
