fit_method,method,parameter,estimate,se,sim
secr,secr,D,3.8514051379301457,0.7314980582105568,1
secr,secr,g0,0.7006735227289761,0.12275200465318278,1
secr,secr,sigma,80.27016283942338,9.978239518071094,1
acre,acre,g0,0.7006729166193926,0.12271620699202507,1
acre,acre,sigma,80.27022831560389,9.930765224117925,1
acre,acre,D,3.8514048037259463,0.7246062582622258,1
secr,secr,D,3.18292099464501,0.5799095800245428,2
secr,secr,g0,0.8451322549245034,0.12538095020005732,2
secr,secr,sigma,80.36592434363446,8.649647861928528,2
acre,acre,g0,0.8451291552048387,0.1253211116488772,2
acre,acre,sigma,80.36627709814259,8.616238506250296,2
acre,acre,D,3.1829117273983494,0.5749070964648525,2
secr,secr,D,2.845419158459345,0.5731067535777814,3
secr,secr,g0,0.7747248844018771,0.13740988800098422,3
secr,secr,sigma,81.63002617420307,10.325311024756088,3
acre,acre,g0,0.7747229185676886,0.1373505404316462,3
acre,acre,sigma,81.63020879529786,10.273434594468908,3
acre,acre,D,2.8454182215657475,0.5670992058414869,3
secr,secr,D,3.2993024287864334,0.5373029897915367,4
secr,secr,g0,0.97450023188189006,0.11470709017876408,4
secr,secr,sigma,82.15020602678541,7.835856441573108,4
acre,acre,g0,0.9745044514445276,0.11453477702334146,4
acre,acre,sigma,82.14975333957429,7.804777400701006,4
acre,acre,D,3.299326971297121,0.5334637831902048,4
secr,secr,D,3.679023615512919,0.6220757203770368,5
secr,secr,g0,0.9210635792988136,0.12423868407124652,5
secr,secr,sigma,75.43959305590377,7.466601239907973,5
acre,acre,g0,0.9210601545422664,0.12415183069172286,5
acre,acre,sigma,75.43989909104577,7.441756838201138,5
acre,acre,D,3.6790119459701476,0.6174658300337168,5
secr,secr,D,2.0059541195034454,0.44850469807099663,6
secr,secr,g0,0.9089266985952269,0.1349973101396566,6
secr,secr,sigma,82.06987353121927,10.303492034098594,6
acre,acre,g0,0.9089235006291628,0.1349488317606291,6
acre,acre,sigma,82.07032549699127,10.256360336035774,6
acre,acre,D,2.0059458471886824,0.44285528711134553,6
secr,secr,D,4.050310708046177,0.7223410199337341,7
secr,secr,g0,0.8186404063508411,0.168253264511826,7
secr,secr,sigma,66.2746215621122,7.791593316036132,7
acre,acre,g0,0.8186335454927998,0.1681252186805064,7
acre,acre,sigma,66.27504421769422,7.755952256432595,7
acre,acre,D,4.050299252728569,0.7165269528439344,7
secr,secr,D,3.4625411385828873,0.6855602140020488,8
secr,secr,g0,0.8185116056951445,0.19318857990416316,8
secr,secr,sigma,64.83921996544426,8.347108224276283,8
acre,acre,g0,0.818511450745375,0.193048242895051,8
acre,acre,sigma,64.83923184612141,8.304077326274049,8
acre,acre,D,3.462540544486228,0.6788463564035971,8
secr,secr,D,4.009153138168111,0.7594692713010919,9
secr,secr,g0,0.7215999357409516,0.13944284745545388,9
secr,secr,sigma,77.11982965343701,9.470097036268323,9
acre,acre,g0,0.721599628104468,0.1394217361898865,9
acre,acre,sigma,77.11986107014371,9.427719960284728,9
acre,acre,D,4.009154220233151,0.7524378672699519,9
secr,secr,D,3.989075661568674,0.6969860706821428,10
secr,secr,g0,0.822123715889053,0.1525413941484894,10
secr,secr,sigma,69.71952101030568,8.083597728272187,10
acre,acre,g0,0.8221171300794331,0.15244340493571984,10
acre,acre,sigma,69.7199831756775,8.04725733459965,10
acre,acre,D,3.9890610883128983,0.691505383631224,10
secr,secr,D,2.6624850524981665,0.5558224160112372,11
secr,secr,g0,0.8037428800876628,0.14272844743053448,11
secr,secr,sigma,80.60516201059932,10.430964533334938,11
acre,acre,g0,0.8037387110938772,0.14267681475811034,11
acre,acre,sigma,80.60562302142549,10.3778534399938,11
acre,acre,D,2.6624717868391583,0.5496012713046283,11
secr,secr,D,2.8774939834718287,0.5485901389232172,12
secr,secr,g0,0.8974371474300464,0.14178993693071165,12
secr,secr,sigma,77.73006719161818,8.984249235216955,12
acre,acre,g0,0.8974378818604289,0.14171033508653388,12
acre,acre,sigma,77.72998751256921,8.945097941878679,12
acre,acre,D,2.877498068841287,0.543439230761114,12
secr,secr,D,3.602293491867536,0.769499942465376,13
secr,secr,g0,0.8031135776000974,0.26671471199619584,13
secr,secr,sigma,59.14833526520461,10.042992891896752,13
acre,acre,g0,0.8031007915626375,0.2663631455488948,13
acre,acre,sigma,59.14890616084254,9.954847907976811,13
acre,acre,D,3.602286905598037,0.7608304195258931,13
secr,secr,D,3.8612201071159453,0.7042155987959481,14
secr,secr,g0,0.7521274998468781,0.1198968393059927,14
secr,secr,sigma,81.5397322554481,9.582744020166864,14
acre,acre,g0,0.7521277509980839,0.1198710484259512,14
acre,acre,sigma,81.53966800924171,9.541136174710791,14
acre,acre,D,3.861227441680514,0.69804214904234,14
secr,secr,D,4.442159050740306,0.7553780015181388,15
secr,secr,g0,0.8694253476396954,0.18186702024786017,15
secr,secr,sigma,64.39387163623574,7.099290870107107,15
acre,acre,g0,0.8694183912235683,0.18174342604606247,15
acre,acre,sigma,64.39425357201725,7.071067803200272,15
acre,acre,D,4.442148943981714,0.7498892143956456,15
secr,secr,D,3.446975528487945,0.7907468699152056,16
secr,secr,g0,0.6224565461539757,0.13570066364970368,16
secr,secr,sigma,85.50800221856863,13.500439701766625,16
acre,acre,g0,0.6224555800868213,0.13568217761186402,16
acre,acre,sigma,85.50806837477133,13.406859432724023,16
acre,acre,D,3.4469826863678388,0.7800363940893349,16
secr,secr,D,3.2298567097236512,0.633240184564753,17
secr,secr,g0,0.7800643522936177,0.15357736943192157,17
secr,secr,sigma,72.0559639331783,8.95528006188383,17
acre,acre,g0,0.7800638809353986,0.15349065734488498,17
acre,acre,sigma,72.0560147169519,8.911617781429197,17
acre,acre,D,3.2298572933202307,0.627053851718673,17
secr,secr,D,2.457728971689973,0.5365120217692312,18
secr,secr,g0,0.801287797585469,0.15792430986960118,18
secr,secr,sigma,77.10844879202843,10.860266891652921,18
acre,acre,g0,0.8012878246659384,0.157836430968284,18
acre,acre,sigma,77.10844021788303,10.794152002851702,18
acre,acre,D,2.4577301646899015,0.5299862548443214,18
secr,secr,D,3.9512354885792296,0.9464298748501249,19
secr,secr,g0,0.5202081783149842,0.15293646631408234,19
secr,secr,sigma,74.79517095787044,13.0016618966349,19
acre,acre,g0,0.5202014360042492,0.15286568520663787,19
acre,acre,sigma,74.79592550964942,12.89212935029469,19
acre,acre,D,3.9512126141541892,0.9327854899532999,19
secr,secr,D,3.6697174905090133,0.818674597767929,20
secr,secr,g0,0.8129549784124596,0.2595831016215146,20
secr,secr,sigma,57.98735247234382,8.988676735223313,20
acre,acre,g0,0.8129450409684039,0.2594536812707307,20
acre,acre,sigma,57.98779153792379,8.927798859783616,20
acre,acre,D,3.66971150273659,0.8086771578507664,20
secr,secr,D,2.9376537118882413,0.6263159371565098,21
secr,secr,g0,0.7326664399874661,0.1416135867093862,21
secr,secr,sigma,79.13957369177777,10.718182788850562,21
acre,acre,g0,0.7326675293367099,0.14157986130306358,21
acre,acre,sigma,79.1395245000977,10.660069870240655,21
acre,acre,D,2.9376553464461024,0.6190322076927185,21
secr,secr,D,2.9992914833560507,0.657118173997047,22
secr,secr,g0,0.7071371078141853,0.14003675003212404,22
secr,secr,sigma,82.6684285744542,11.573483067711491,22
acre,acre,g0,0.7071368652201633,0.14002820040456446,22
acre,acre,sigma,82.66838099846882,11.509365872917266,22
acre,acre,D,2.999298142722762,0.6490545855161152,22
secr,secr,D,3.711402553779531,0.6308322048138232,23
secr,secr,g0,0.8792250220983722,0.12543907263139206,23
secr,secr,sigma,75.36773674461277,7.759976343778471,23
acre,acre,g0,0.879220537609687,0.1253739987334495,23
acre,acre,sigma,75.36813671050722,7.731486381888688,23
acre,acre,D,3.7113895034004374,0.6260673141492447,23
secr,secr,D,2.6423241187031765,0.5388719921968744,24
secr,secr,g0,0.8507368536761257,0.13633673297111026,24
secr,secr,sigma,81.86999262700779,10.534788984551584,24
acre,acre,g0,0.8507382291324374,0.1362694028236733,24
acre,acre,sigma,81.86990153400814,10.480561080442307,24
acre,acre,D,2.6423250413858805,0.5330636168082705,24
secr,secr,D,4.08409849454959,0.8347295322205318,25
secr,secr,g0,0.7362802914314104,0.1829597500468351,25
secr,secr,sigma,65.24658964695216,9.14266236028,25
acre,acre,g0,0.7362737450512863,0.1828845033063595,25
acre,acre,sigma,65.24704977079878,9.090286055892072,25
acre,acre,D,4.084084656206724,0.8259560531658371,25
secr,secr,D,3.1262068531385534,0.655920167120042,26
secr,secr,g0,0.6831146212031871,0.13480376413406467,26
secr,secr,sigma,85.93746789525106,12.086316177284498,26
acre,acre,g0,0.6831251380979945,0.13474976195549146,26
acre,acre,sigma,85.9359123788928,12.012035816092553,26
acre,acre,D,3.1262715417683355,0.6483479455752245,26
secr,secr,D,3.2242355386614348,0.7018171386303439,27
secr,secr,g0,0.6684877761768453,0.15812893972709466,27
secr,secr,sigma,72.24063442453294,10.808694662594528,27
acre,acre,g0,0.6684879220535821,0.1580320685429238,27
acre,acre,sigma,72.24061734555411,10.735622869688859,27
acre,acre,D,3.224236035172297,0.6933795812042816,27
secr,secr,D,1.7061314803382592,0.47380288125814024,28
secr,secr,g0,0.7645145840499532,0.19196193056383015,28
secr,secr,sigma,78.40150953412521,14.697224558685104,28
acre,acre,g0,0.7645095358513079,0.19186701137540568,28
acre,acre,sigma,78.4020691609705,14.552726454082649,28
acre,acre,D,1.7061219309886526,0.4647049480230952,28
secr,secr,D,2.5843494445373225,0.5064773672492668,29
secr,secr,g0,0.929528811112186,0.144154943041646,29
secr,secr,sigma,74.03862963423714,8.727561774296012,29
acre,acre,g0,0.9295237270076974,0.14403744389883713,29
acre,acre,sigma,74.03906096795485,8.6863405680595,29
acre,acre,D,2.5843384472076574,0.5014813041995121,29
secr,secr,D,3.4402518688655817,0.6059994917934864,30
secr,secr,g0,0.8763565075056167,0.13876501094646862,30
secr,secr,sigma,72.78661257138836,7.9715308801204765,30
acre,acre,g0,0.876356321125051,0.13866074860174807,30
acre,acre,sigma,72.78663572613966,7.9378311161848565,30
acre,acre,D,3.440251066400077,0.6011264796410095,30
secr,secr,D,3.230781011038708,0.9354264623237991,31
secr,secr,g0,0.47025664459123995,0.16131453256461373,31
secr,secr,sigma,77.40722835991629,16.19940168648636,31
acre,acre,g0,0.4702567896023277,0.16127151896631942,31
acre,acre,sigma,77.40720133591401,16.012479230096563,31
acre,acre,D,3.2307827283673847,0.916118697637839,31
secr,secr,D,2.7739215024210444,0.5998461520055937,32
secr,secr,g0,0.7162420892935073,0.09705706893450437,32
secr,secr,sigma,105.95838730422854,13.592460369063696,32
acre,acre,g0,0.7161644662124942,0.0970858675270871,32
acre,acre,sigma,105.97444078225865,13.542255675844366,32
acre,acre,D,2.7737768856163094,0.592316780170302,32
secr,secr,D,1.7987680766672514,0.47223150606038633,33
secr,secr,g0,0.7427387410610934,0.14151569460610056,33
secr,secr,sigma,95.07383706642067,14.994946535637913,33
acre,acre,g0,0.7427612356693543,0.14147911867488838,33
acre,acre,sigma,95.06807813859137,14.882023633845893,33
acre,acre,D,1.798942438692753,0.4638837695432609,33
secr,secr,D,2.3946519597448432,0.5355424878605768,34
secr,secr,g0,0.7750157354094699,0.13920418903363097,34
secr,secr,sigma,83.89777828516337,11.010728423031118,34
acre,acre,g0,0.7750151364967232,0.1391828490205045,34
acre,acre,sigma,83.89782155451962,10.956060851742313,34
acre,acre,D,2.394655406968178,0.5287472896957001,34
secr,secr,D,1.5891905538119484,0.7037341572633279,35
secr,secr,g0,0.41529284725171095,0.11774139979272903,35
secr,secr,sigma,125.80756881492937,35.37745159630889,35
acre,acre,g0,0.4155239804689025,0.11769370082587724,35
acre,acre,sigma,125.56568275325208,34.14487170071582,35
acre,acre,D,1.5951624120549828,0.6623043490432787,35
secr,secr,D,2.6477918153884317,0.48022525626061024,36
secr,secr,g0,0.9999998345104765,7.471956807028953e-16,36
secr,secr,sigma,78.2885005877346,6.400575021505303,36
acre,acre,g0,0.9999999996340968,5.6777173963472326e-6,36
acre,acre,sigma,78.2886458038962,6.386302029781247,36
acre,acre,D,2.6477873654375856,0.4762073467610054,36
secr,secr,D,2.8402576207016583,0.5343595077726072,37
secr,secr,g0,0.9312338197983535,0.15928379017330332,37
secr,secr,sigma,73.7912889297149,8.097080882720414,37
acre,acre,g0,0.9312293163210933,0.15914371910261907,37
acre,acre,sigma,73.7916384728794,8.06453809777611,37
acre,acre,D,2.8402486220646024,0.5295528321219288,37
secr,secr,D,2.6906870442051862,0.5557239337369302,38
secr,secr,g0,0.8895938362417422,0.1612023396380188,38
secr,secr,sigma,71.74658340574179,9.570383448969803,38
acre,acre,g0,0.8895939523115953,0.16109144575713238,38
acre,acre,sigma,71.74657460406115,9.516198106410032,38
acre,acre,D,2.6906873206533937,0.5496413452730594,38
secr,secr,D,2.956742070951808,0.5806552695131235,39
secr,secr,g0,0.9172419585546312,0.1670023833620429,39
secr,secr,sigma,71.9916039655706,8.666859079091662,39
acre,acre,g0,0.9172371651480747,0.16693033081254097,39
acre,acre,sigma,71.99199821961581,8.628378996624283,39
acre,acre,D,2.956730950151465,0.5749483053165751,39
secr,secr,D,2.675561927496455,0.5553722280651203,40
secr,secr,g0,0.9133499248137383,0.15913218574788243,40
secr,secr,sigma,72.60971565126012,9.538070371590806,40
acre,acre,g0,0.913349694972298,0.15904114351919385,40
acre,acre,sigma,72.6097409100316,9.486840077803544,40
acre,acre,D,2.675561920270779,0.5492337779647568,40
secr,secr,D,2.4493967374471666,0.5346053974714728,41
secr,secr,g0,0.7852821582407802,0.1230058655607423,41
secr,secr,sigma,97.77799699418155,13.122996494654712,41
acre,acre,g0,0.7852640804543394,0.12298504666151078,41
acre,acre,sigma,97.78007267315066,13.054802293025167,41
acre,acre,D,2.449438424542581,0.5278765965310793,41
secr,secr,D,3.162504696815694,0.6982431838253056,42
secr,secr,g0,0.643617575502688,0.12422117140151367,42
secr,secr,sigma,88.33525425949514,12.2703715197786,42
acre,acre,g0,0.6436197917134584,0.12420858125465033,42
acre,acre,sigma,88.33455277820264,12.201973454039646,42
acre,acre,D,3.162553518679029,0.6894620229602145,42
secr,secr,D,3.2007106251521966,0.6889615568213675,43
secr,secr,g0,0.7002256007191735,0.13716977249347276,43
secr,secr,sigma,83.76076710353323,11.09750787271108,43
acre,acre,g0,0.7002236225773961,0.13715542439200562,43
acre,acre,sigma,83.76095733382024,11.042325438724973,43
acre,acre,D,3.200712471508401,0.6807984228043226,43
secr,secr,D,2.4302460336048735,0.5420758809272653,44
secr,secr,g0,0.7543124860736239,0.13264402701998523,44
secr,secr,sigma,91.99662941596009,12.412973498225384,44
acre,acre,g0,0.7543224885990227,0.13261566888109771,44
acre,acre,sigma,91.99420041791996,12.34360805758357,44
acre,acre,D,2.4303541068454484,0.5350594571217204,44
secr,secr,D,3.1052585161311743,0.6907670601506132,45
secr,secr,g0,0.6394603326657745,0.11739290114857613,45
secr,secr,sigma,91.83841826339751,13.434606861394926,45
acre,acre,g0,0.6394750723669166,0.11735629013488902,45
acre,acre,sigma,91.83512977562191,13.344816654366696,45
acre,acre,D,3.1054218657957184,0.6816871489640608,45
secr,secr,D,3.037349523535972,0.6532872877437792,46
secr,secr,g0,0.6854089236586157,0.11503481471925747,46
secr,secr,sigma,87.53186474333694,11.875455197907748,46
acre,acre,g0,0.6854065818749633,0.11501754700821026,46
acre,acre,sigma,87.5321416754838,11.81183226169321,46
acre,acre,D,3.03735315060527,0.6454593208346274,46
secr,secr,D,3.912170015950456,0.6492961368547522,47
secr,secr,g0,0.9043644547039066,0.14559826220232813,47
secr,secr,sigma,70.7046278162791,7.604258150540973,47
acre,acre,g0,0.9043581084579423,0.14546525234537866,47
acre,acre,sigma,70.7050498580105,7.5721270889058045,47
acre,acre,D,3.9121577938971073,0.6446311925216439,47
secr,secr,D,3.2319567336105792,0.5804197652443907,48
secr,secr,g0,0.9284874688891033,0.11996600718981344,48
secr,secr,sigma,76.69998969098266,8.421180055739955,48
acre,acre,g0,0.9284833862838493,0.11989215459354531,48
acre,acre,sigma,76.70043882232856,8.386824758552839,48
acre,acre,D,3.23194125106046,0.5755080700208036,48
secr,secr,D,2.76406283758336,0.5980058156847712,49
secr,secr,g0,0.7157967797471803,0.11639039029080726,49
secr,secr,sigma,90.66768967721684,12.026985655272872,49
acre,acre,g0,0.7157928506771479,0.11637261478287005,49
acre,acre,sigma,90.66813785282088,11.96469149122412,49
acre,acre,D,2.764076886958769,0.5907350018898464,49
secr,secr,D,3.3866684307804524,0.707651554181842,50
secr,secr,g0,0.675561021137676,0.12959403513898643,50
secr,secr,sigma,84.84570898419855,11.906289639931163,50
acre,acre,g0,0.6755658929999189,0.12955982712930622,50
acre,acre,sigma,84.84498568161169,11.835977427895852,50
acre,acre,D,3.38670530389554,0.6995735806732064,50
secr,secr,D,2.268119459815992,0.7073390746757672,51
secr,secr,g0,0.5074225888124835,0.12459127997798604,51
secr,secr,sigma,100.27818166615818,20.26516252203923,51
acre,acre,g0,0.507392844429336,0.1246091985384138,51
acre,acre,sigma,100.28370911480032,20.057588978765438,51
acre,acre,D,2.2681057231958026,0.6902504298173976,51
secr,secr,D,3.899584916028749,0.6686472013026592,52
secr,secr,g0,0.9999999994636217,9.019231530133186e-19,52
secr,secr,sigma,56.55723719508265,4.047983573284956,52
acre,acre,g0,0.9999999790504871,3.374142220608353e-4,52
acre,acre,sigma,56.55731568797063,4.040740095554997,52
acre,acre,D,3.899573990326365,0.6637203830380793,52
secr,secr,D,2.3544654553339446,0.5532312935602852,53
secr,secr,g0,0.69261346696958,0.11233753776832171,53
secr,secr,sigma,98.14482727626184,14.55192614866622,53
acre,acre,g0,0.692605624729759,0.11231265195117418,53
acre,acre,sigma,98.1450142648141,14.456577161299052,53
acre,acre,D,2.354563419798597,0.545145873832884,53
secr,secr,D,3.2581044217166824,0.6484494947097055,54
secr,secr,g0,0.8007715537681642,0.14461283071515324,54
secr,secr,sigma,74.17117039595503,10.023665131072795,54
acre,acre,g0,0.8007712052587761,0.14453774601060942,54
acre,acre,sigma,74.17120913421893,9.965681875899042,54
acre,acre,D,3.258103290871278,0.64174380425,54
secr,secr,D,3.073627074630796,0.6625623879989241,55
secr,secr,g0,0.6788492884730984,0.1327060361447341,55
secr,secr,sigma,83.74412190584977,11.77256743570381,55
acre,acre,g0,0.6788500429192756,0.13267346764955742,55
acre,acre,sigma,83.74396708586242,11.704842373312477,55
acre,acre,D,3.073638563455091,0.65464065352616585,55
secr,secr,D,2.8834570229951284,0.5831425926867437,56
secr,secr,g0,0.7718182126523861,0.1315161140210114,56
secr,secr,sigma,86.83198221070504,10.299685526184769,56
acre,acre,g0,0.7718250254679471,0.13149129537411963,56
acre,acre,sigma,86.83055785804005,10.254097330701565,56
acre,acre,D,2.8835245743473243,0.5769564886171242,56
secr,secr,D,3.193544042934563,0.5944019945792536,57
secr,secr,g0,0.8411092146990097,0.1594443263395149,57
secr,secr,sigma,72.65983321147131,9.107963040827206,57
acre,acre,g0,0.8411021937594263,0.15928151111273817,57
acre,acre,sigma,72.6603605231177,9.058254594845515,57
acre,acre,D,3.1935293978262376,0.5890605260287447,57
secr,secr,D,3.0066768368795023,0.7686303982773929,58
secr,secr,g0,0.5822560694370555,0.13788866483869403,58
secr,secr,sigma,84.14714256377422,14.401514679544848,58
acre,acre,g0,0.5822524791823773,0.1378746080733738,58
acre,acre,sigma,84.14765704507447,14.287293051414357,58
acre,acre,D,3.006668487913234,0.7559574065530906,58
secr,secr,D,2.936809705146224,0.5465792792637902,59
secr,secr,g0,0.9007512446525318,0.12315575552807588,59
secr,secr,sigma,81.0293337773818,8.869856316166665,59
acre,acre,g0,0.9007457811740067,0.12309624960092035,59
acre,acre,sigma,81.02988608223491,8.835417527631064,59
acre,acre,D,2.9367944740716885,0.541661395605357,59
secr,secr,D,2.146328969316272,0.47657844367679036,60
secr,secr,g0,0.8563603200600379,0.147249392147749,60
secr,secr,sigma,78.24513273667873,9.825216940095613,60
acre,acre,g0,0.8563560234713711,0.14719341614828113,60
acre,acre,sigma,78.24565802900297,9.778746662354417,60
acre,acre,D,2.1463167594395816,0.4706627925826821,60
secr,secr,D,2.9933873078933644,0.6517084532106329,61
secr,secr,g0,0.6703559650400236,0.11618075169647184,61
secr,secr,sigma,89.13833400284486,12.226686593051717,61
acre,acre,g0,0.6703486534773597,0.11616842633605025,61
acre,acre,sigma,89.13943938323038,12.161371649444279,61
acre,acre,D,2.9933707563326446,0.6437358526531024,61
secr,secr,D,3.1933406115658487,0.5443998846623529,62
secr,secr,g0,0.9579507958821831,0.12961047596152728,62
secr,secr,sigma,77.54804684339267,7.3790715962102125,62
acre,acre,g0,0.9579482077337557,0.12950817758490812,62
acre,acre,sigma,77.54829965731506,7.355305003542234,62
acre,acre,D,3.1933334262675253,0.5403149149225693,62
secr,secr,D,3.385476149896539,0.6765923282029943,63
secr,secr,g0,0.7305456052129118,0.14166391387426816,63
secr,secr,sigma,72.73177482137677,9.36835666377758,63
acre,acre,g0,0.730540462436457,0.14161178265384605,63
acre,acre,sigma,72.73227004945518,9.320406384043693,63
acre,acre,D,3.3854598336938935,0.6696824863776148,63
secr,secr,D,3.9807658240079173,0.7620146201681708,64
secr,secr,g0,0.7006804470603633,0.1333393066303228,64
secr,secr,sigma,75.6652742583473,9.73247721657928,64
acre,acre,g0,0.7006754305768415,0.13329940308494434,64
acre,acre,sigma,75.66581360393268,9.683243002081902,64
acre,acre,D,3.9807459406618064,0.7547638529742968,64
secr,secr,D,4.864495811880607,0.8838670260435284,65
secr,secr,g0,0.903058742883729,0.3030120500837021,65
secr,secr,sigma,54.16887483052119,8.306920513149775,65
acre,acre,g0,0.9030406135957374,0.30219329118656396,65
acre,acre,sigma,54.16945589135647,8.235587223431324,65
acre,acre,D,4.864498057796087,0.8766733720466733,65
secr,secr,D,4.957582306114152,0.7374651207489419,66
secr,secr,g0,0.9867942418762979,0.1672912636987482,66
secr,secr,sigma,61.70885082380749,5.951864991761272,66
acre,acre,g0,0.9867878909762874,0.16703948998953472,66
acre,acre,sigma,61.70918331158328,5.929373419776514,66
acre,acre,D,4.957571229965502,0.7333399767788709,66
secr,secr,D,3.433991525759465,0.6963568607095068,67
secr,secr,g0,0.6842235554083389,0.12756206852661478,67
secr,secr,sigma,80.51166414749349,10.896474762116007,67
acre,acre,g0,0.6842212499248557,0.127520625535879,67
acre,acre,sigma,80.51194217275798,10.835922627012573,67
acre,acre,D,3.433982155629285,0.68890870876678,67
secr,secr,D,1.9705453583370465,0.43821967508533377,68
secr,secr,g0,0.9999997591641006,3.103271899892303e-15,68
secr,secr,sigma,86.74757585251963,9.802326333413522,68
acre,acre,g0,0.9999999907380861,1.2925657302141277e-4,68
acre,acre,sigma,86.7480196813361,9.766487448210585,68
acre,acre,D,1.9705408493128382,0.43275796002117095,68
secr,secr,D,3.3260504377192612,0.6193837114315583,69
secr,secr,g0,0.8611845970001193,0.16262699248497445,69
secr,secr,sigma,70.88203176424771,8.373439987448572,69
acre,acre,g0,0.8611791121096108,0.1625204397021289,69
acre,acre,sigma,70.88243809553505,8.335883797729963,69
acre,acre,D,3.3260388018004208,0.6139120224900476,69
secr,secr,D,3.9014969644522295,0.7323205601652332,70
secr,secr,g0,0.801568687698879,0.18291479220699514,70
secr,secr,sigma,65.87346459755294,9.249340016131464,70
acre,acre,g0,0.8015600979773776,0.18273689653024047,70
acre,acre,sigma,65.87400549657312,9.18961151537136,70
acre,acre,D,3.901482381805577,0.7256771569710155,70
secr,secr,D,2.2258239011590155,0.7353978335745717,71
secr,secr,g0,0.5018292696973369,0.09664537108577465,71
secr,secr,sigma,117.9514489111812,24.340648960936054,71
acre,acre,g0,0.5015902338697817,0.09682208686626084,71
acre,acre,sigma,118.0193060795021,24.15855408965133,71
acre,acre,D,2.2253150723180286,0.7147355156012531,71
secr,secr,D,3.6025154398543644,0.6341700749577489,72
secr,secr,g0,0.8392772894317849,0.14311619575312345,72
secr,secr,sigma,73.57482281138634,8.23300736264868,72
acre,acre,g0,0.8392775415611646,0.14303256257242042,72
acre,acre,sigma,73.57479948691638,8.19806776438913,72
acre,acre,D,3.6025165724169668,0.6290824704319424,72
secr,secr,D,3.3473011437491054,0.6220230303228047,73
secr,secr,g0,0.7376365104823941,0.10432350300265503,73
secr,secr,sigma,90.691248551025,10.191878584722348,73
acre,acre,g0,0.737652411934407,0.1042853453222508,73
acre,acre,sigma,90.68810451604544,10.14581795789825,73
acre,acre,D,3.347465418939583,0.6162136043927793,73
secr,secr,D,3.396186081058752,0.6871060686036724,74
secr,secr,g0,0.7565596287788334,0.1465173540743334,74
secr,secr,sigma,77.94646490850614,10.552537314299839,74
acre,acre,g0,0.756560000065682,0.1464754981954866,74
acre,acre,sigma,77.94641241103571,10.495017891555444,74
acre,acre,D,3.3961896151632143,0.6798305003164848,74
secr,secr,D,2.915624693524281,0.5454943371859586,75
secr,secr,g0,0.9046760349573837,0.13380031561227845,75
secr,secr,sigma,82.4545689973078,9.07483116416793,75
acre,acre,g0,0.904675585756208,0.13373253705670857,75
acre,acre,sigma,82.45455630844859,9.039556722332303,75
acre,acre,D,2.9156314387130755,0.5405473282871305,75
secr,secr,D,2.7603499900642854,0.6554067165593164,76
secr,secr,g0,0.6704248485912726,0.166973017438521,76
secr,secr,sigma,76.35653345128304,12.275322761628727,76
acre,acre,g0,0.6704186565187129,0.1669141903401093,76
acre,acre,sigma,76.35707783655364,12.185449415632876,76
acre,acre,D,2.760338628902997,0.6460937238984218,76
secr,secr,D,3.471569513614799,0.6501381228699081,77
secr,secr,g0,0.8260410901136674,0.16305448821280427,77
secr,secr,sigma,71.97143965653038,9.299998316982672,77
acre,acre,g0,0.8260344479028288,0.16292779741387917,77
acre,acre,sigma,71.97194810944485,9.249260501447072,77
acre,acre,D,3.4715542615064314,0.6442292951035804,77
secr,secr,D,2.4905019590479514,0.5149342534611804,78
secr,secr,g0,0.8570234039662081,0.11763011308276358,78
secr,secr,sigma,91.51327222370836,10.75728334991291,78
acre,acre,g0,0.8570141293841617,0.1176038589576213,78
acre,acre,sigma,91.5151852795483,10.71575837539405,78
acre,acre,D,2.4904673327268574,0.509286189584016,78
secr,secr,D,3.446161469597101,0.7321805591026246,79
secr,secr,g0,0.6559435793480661,0.1300124971763818,79
secr,secr,sigma,81.68526174456304,11.19365566931567,79
acre,acre,g0,0.6559405119454895,0.12998739490168507,79
acre,acre,sigma,81.68564742270209,11.133092896027732,79
acre,acre,D,3.4461522371001965,0.7236955251181618,79
secr,secr,D,3.119488185797774,0.7361406112519424,80
secr,secr,g0,0.6091678259521284,0.16169345763313564,80
secr,secr,sigma,73.14037617267215,11.937432397415362,80
acre,acre,g0,0.6091618802974944,0.1616218629833421,80
acre,acre,sigma,73.14098182087119,11.84679064121503,80
acre,acre,D,3.1194719996166627,0.7258497546707099,80
secr,secr,D,3.1167439430969415,0.5986855456842278,81
secr,secr,g0,0.7857251175410581,0.10158441705127487,81
secr,secr,sigma,93.15428068175247,10.642907238758939,81
acre,acre,g0,0.7857206560539001,0.10156664343662691,81
acre,acre,sigma,93.15455283390475,10.599035612502881,81
acre,acre,D,3.1167898948696147,0.5927847295714347,81
secr,secr,D,3.484071268810269,0.7399907291477301,82
secr,secr,g0,0.7121830411577281,0.17946429572141667,82
secr,secr,sigma,69.83971922219247,10.667124520801728,82
acre,acre,g0,0.7121760683879979,0.17937446578776045,82
acre,acre,sigma,69.84027910244792,10.594103569691951,82
acre,acre,D,3.4840554612754704,0.7315146735446545,82
secr,secr,D,2.751614843382347,0.5259048792687805,83
secr,secr,g0,0.8864174690613119,0.12419385754229009,83
secr,secr,sigma,81.91258030108696,9.364026599334036,83
acre,acre,g0,0.8864074594455874,0.12412493374433635,83
acre,acre,sigma,81.9135346702299,9.323502432666668,83
acre,acre,D,2.751592963759545,0.5208888016318851,83
secr,secr,D,3.168784034286377,0.7748973969494476,84
secr,secr,g0,0.5794220099445819,0.11591009953025985,84
secr,secr,sigma,94.0270562075838,14.98607817693136,84
acre,acre,g0,0.5794131147598479,0.11590960523615544,84
acre,acre,sigma,94.02815673505467,14.882607983138652,84
acre,acre,D,3.1688085310547924,0.7629728127754136,84
secr,secr,D,2.79736614842307,0.5909584846435377,85
secr,secr,g0,0.812334953462165,0.20151435541022217,85
secr,secr,sigma,69.71952148601144,9.966966789810527,85
acre,acre,g0,0.8123352924975605,0.2013638701378421,85
acre,acre,sigma,69.71950036242349,9.904818462292605,85
acre,acre,D,2.797366648918622,0.5843346143623166,85
secr,secr,D,2.0086577838766164,0.6061796550748574,86
secr,secr,g0,0.567318300860395,0.11699533404386567,86
secr,secr,sigma,110.1926876131696,20.587917180009292,86
acre,acre,g0,0.5674200369905066,0.11695455911018815,86
acre,acre,sigma,110.13862234873548,20.304977285736516,86
acre,acre,D,2.0104304987619486,0.5903492074785449,86
secr,secr,D,2.7831598912351434,0.5503546731783964,87
secr,secr,g0,0.8479736456104814,0.11971394240478642,87
secr,secr,sigma,82.55876838570619,9.433616937910118,87
acre,acre,g0,0.8479693765252625,0.11968442172576367,87
acre,acre,sigma,82.55934879174168,9.395730118282632,87
acre,acre,D,2.783144573076696,0.5447998867319827,87
secr,secr,D,2.995604897678503,0.7021078947468176,88
secr,secr,g0,0.6379845756430909,0.15461865515561032,88
secr,secr,sigma,76.27580664546605,11.752332017065674,88
acre,acre,g0,0.6379789523150348,0.15458266759312297,88
acre,acre,sigma,76.27644211002173,11.674179529137888,88
acre,acre,D,2.9955868744282252,0.6924043739493371,88
secr,secr,D,3.8263405686858367,0.7080559503274476,89
secr,secr,g0,0.791592858049595,0.14789032543873853,89
secr,secr,sigma,70.16102969308189,8.356733404025091,89
acre,acre,g0,0.7915873643307715,0.14782953751919606,89
acre,acre,sigma,70.1614507115422,8.3191269988951,89
acre,acre,D,3.8263293457882246,0.7018378981420208,89
secr,secr,D,2.335325700093833,0.6039481498843444,90
secr,secr,g0,0.5842156252533215,0.11513715998595318,90
secr,secr,sigma,101.92787573960427,16.300738432040863,90
acre,acre,g0,0.5841288273331171,0.11518190614464127,90
acre,acre,sigma,101.94753119701426,16.214701908374618,90
acre,acre,D,2.3349648655978825,0.5938952648146621,90
secr,secr,D,2.8437403706979683,0.6911502087993902,91
secr,secr,g0,0.6378670346782311,0.15516565361547485,91
secr,secr,sigma,77.72559559023709,12.706359171022662,91
acre,acre,g0,0.6378614490833845,0.15512069648560067,91
acre,acre,sigma,77.72622624073672,12.611687010910023,91
acre,acre,D,2.843722333326165,0.6808602101541419,91
secr,secr,D,2.522009256780711,0.5459924846855583,92
secr,secr,g0,0.7747349829726711,0.14202511189827305,92
secr,secr,sigma,86.24708217131453,11.558736955102717,92
acre,acre,g0,0.7747428832599537,0.14197543967996107,92
acre,acre,sigma,86.2457992620902,11.494859241012984,92
acre,acre,D,2.5220592627176632,0.5393869552143098,92
secr,secr,D,1.8676816034579544,0.48315601438238165,93
secr,secr,g0,0.7733895986074609,0.13800308807525452,93
secr,secr,sigma,96.3718075263183,14.786639437911349,93
acre,acre,g0,0.7734296583318473,0.13796349491164053,93
acre,acre,sigma,96.36029066633263,14.671069206569335,93
acre,acre,D,1.8680186129181657,0.4746791906275894,93
secr,secr,D,2.466440108757353,0.5563471602284286,94
secr,secr,g0,0.733329511337531,0.1404465233328272,94
secr,secr,sigma,86.6577975913529,11.816081602293616,94
acre,acre,g0,0.7333246539414895,0.14041859489699726,94
acre,acre,sigma,86.6582068371113,11.753244838858132,94
acre,acre,D,2.466445546936398,0.5491456147870737,94
secr,secr,D,3.5067032738720267,0.668506315791976,95
secr,secr,g0,0.8025223518785394,0.1324574044597338,95
secr,secr,sigma,77.41744611666435,9.082929055320752,95
acre,acre,g0,0.8025186552024752,0.13242090183977034,95
acre,acre,sigma,77.41786997583749,9.044837133027844,95
acre,acre,D,3.5066886453556796,0.6622269116955668,95
secr,secr,D,3.3762034028843053,0.5776094635708557,96
secr,secr,g0,0.9587089151877196,0.15232536881343403,96
secr,secr,sigma,70.16515267292952,7.398284812231513,96
acre,acre,g0,0.95870948828257,0.15210772217859064,96
acre,acre,sigma,70.16513491515057,7.366620522345873,96
acre,acre,D,3.3762022956285236,0.5732629842488536,96
secr,secr,D,3.4663986319383504,0.6976352271653966,97
secr,secr,g0,0.7383259283261709,0.1467800430919688,97
secr,secr,sigma,73.34852681636117,10.04216298524987,97
acre,acre,g0,0.7383201972080555,0.14670911998681327,97
acre,acre,sigma,73.34907900922386,9.984432276787606,97
acre,acre,D,3.466380396497778,0.6903449277112452,97
secr,secr,D,3.0277232336721,0.5542590155616546,98
secr,secr,g0,0.8761093081482025,0.12186744376141759,98
secr,secr,sigma,77.81144733044553,8.246160832101378,98
acre,acre,g0,0.8761050784170641,0.1218042093111178,98
acre,acre,sigma,77.81191975621851,8.214575798392456,98
acre,acre,D,3.0277084923844595,0.5494411126711775,98
secr,secr,D,3.244285466560588,0.6603040293415019,99
secr,secr,g0,0.6972815577099459,0.1326856252773236,99
secr,secr,sigma,82.02945576552305,10.205420358625245,99
acre,acre,g0,0.6972805171634548,0.13265453278900752,99
acre,acre,sigma,82.02953474567653,10.157963607814622,99
acre,acre,D,3.2442889318043764,0.6532902908058472,99
secr,secr,D,3.733081593454605,0.6374240646658567,100
secr,secr,g0,0.9182392321887711,0.1352442072779902,100
secr,secr,sigma,71.88604653023903,7.405135718467595,100
acre,acre,g0,0.9182347338967629,0.13516626818276054,100
acre,acre,sigma,71.88641799676404,7.378441873416282,100
acre,acre,D,3.7330687416780637,0.6326102920527166,100
